,Pos,Ht,Wt
0,G,182.88,102.06
1,C,210.82,120.2
2,C-F,205.74,115.67
3,F-C,210.82,113.4
4,F,210.82,99.79
5,G,198.12,92.99
6,G,193.04,89.81
7,C-F,210.82,110.22
8,G,185.42,90.72
9,F,203.2,99.79
10,G,198.12,104.33
11,F-G,205.74,104.33
12,F,205.74,108.86
13,F-G,210.82,109.77
14,F,208.28,90.72
15,F,198.12,99.34
16,F,200.66,107.95
17,F,200.66,105.23
18,G,190.5,88.45
19,F,203.2,97.52
20,G,180.34,83.01
21,C,210.82,113.4
22,G,198.12,100.24
23,F-C,210.82,106.59
24,G,198.12,86.18
25,C,213.36,104.78
26,G,177.8,81.65
27,F,203.2,102.06
28,G-F,198.12,97.07
29,G,198.12,82.1
30,F,203.2,103.87
31,F-G,203.2,104.33
32,C,208.28,117.93
33,G-F,193.04,88.45
34,F,203.2,94.35
35,G,190.5,93.89
36,G,193.04,84.82
37,G-F,195.58,99.79
38,F,203.2,97.98
39,F,195.58,95.25
40,F,213.36,102.06
41,F,208.28,102.06
42,G,185.42,81.65
43,C-F,205.74,105.69
44,C,210.82,113.4
45,C-F,203.2,115.67
46,F,208.28,106.14
47,G,185.42,97.07
48,G,198.12,99.79
49,G-F,200.66,102.51
50,F-C,218.44,99.79
51,F,203.2,99.79
52,C,208.28,112.94
53,G,187.96,81.65
54,G,203.2,81.65
55,G,195.58,93.44
56,F,205.74,90.72
57,F,198.12,86.18
58,G,185.42,84.82
59,G,190.5,81.65
60,F-C,208.28,112.49
61,F,195.58,113.4
62,F,198.12,100.24
63,F-G,205.74,84.37
64,G,198.12,94.8
65,G-F,198.12,102.06
66,F,200.66,95.25
67,F,198.12,97.52
68,G,195.58,103.87
69,F-G,200.66,102.06
70,G,193.04,91.63
71,G,198.12,90.26
72,F-G,198.12,101.15
73,C,218.44,111.13
74,G,195.58,99.34
75,G-F,198.12,97.52
76,G,185.42,86.18
77,C,208.28,112.49
78,G-F,198.12,92.99
79,G,182.88,83.91
80,G,198.12,97.07
81,G,193.04,108.86
82,F-G,200.66,104.33
83,F-C,205.74,98.88
84,F,200.66,108.86
85,G,195.58,92.53
86,F,203.2,107.05
87,C,208.28,108.86
88,F,198.12,97.52
89,G,185.42,90.72
90,G-F,198.12,99.79
91,C,208.28,122.47
92,G,195.58,86.18
93,G,193.04,84.37
94,F-C,213.36,108.86
95,C,213.36,106.59
96,F,203.2,106.59
97,G,190.5,86.18
98,F,195.58,99.79
99,G,180.34,79.38
100,F,205.74,108.86
101,F,198.12,102.06
102,F,203.2,97.52
103,G,193.04,88.0
104,F,210.82,97.52
105,G,175.26,81.65
106,G,195.58,88.45
107,G,200.66,95.25
108,F,205.74,106.59
109,C-F,210.82,113.4
110,G,185.42,79.38
111,G,195.58,94.8
112,G,185.42,81.65
113,F,203.2,115.67
114,F-C,200.66,94.8
115,G-F,195.58,96.16
116,G-F,200.66,100.24
117,G,195.58,83.91
118,F,198.12,106.59
119,G,198.12,88.45
120,G,187.96,83.91
121,G,187.96,83.91
122,G,193.04,90.72
123,F-C,208.28,114.76
124,F,205.74,98.88
125,G,193.04,91.17
126,G-F,198.12,99.79
127,C,213.36,111.13
128,G,190.5,90.72
129,G,193.04,92.08
130,F,203.2,99.34
131,G,195.58,91.63
132,C,208.28,114.31
133,G,195.58,97.52
134,G-F,200.66,104.33
135,G,190.5,97.52
136,G,195.58,95.25
137,F,203.2,104.33
138,G,198.12,92.99
139,G,190.5,86.18
140,C,208.28,126.55
141,F-G,198.12,107.5
142,G,190.5,92.99
143,G,180.34,90.72
144,F,208.28,108.86
145,G,193.04,93.89
146,C,213.36,127.01
147,F,198.12,97.52
148,F,205.74,111.13
149,G-F,193.04,95.25
150,G,195.58,97.07
151,C,226.06,141.07
152,F-C,205.74,120.2
153,F-C,210.82,122.47
154,G-F,198.12,86.18
155,F,205.74,108.86
156,G,182.88,80.74
157,F,200.66,99.79
158,G,187.96,92.99
159,G-F,200.66,92.99
160,G,190.5,83.91
161,G,195.58,97.52
162,G,190.5,90.72
163,G,182.88,77.11
164,G,190.5,94.8
165,F,205.74,92.99
166,F,208.28,106.14
167,F,208.28,105.69
168,G,185.42,90.72
169,G,185.42,87.09
170,C,210.82,115.67
171,F,203.2,113.4
172,F,203.2,99.79
173,F,205.74,105.23
174,F-C,210.82,108.86
175,G,198.12,81.65
176,C,215.9,117.03
177,G,182.88,81.65
178,F,203.2,106.59
179,G-F,190.5,97.52
180,G,185.42,88.45
181,G,195.58,99.34
182,F,203.2,95.25
183,G,193.04,92.99
184,G,182.88,81.65
185,G-F,198.12,97.52
186,F,198.12,104.33
187,F,203.2,102.97
188,F,193.04,92.99
189,F,203.2,106.59
190,F,205.74,113.4
191,G,198.12,91.17
192,G,185.42,75.75
193,F,203.2,104.33
194,G,187.96,97.52
195,F,205.74,105.23
196,G,190.5,95.25
197,G,195.58,92.99
198,G,195.58,99.79
199,F-G,200.66,99.79
200,G,177.8,79.38
201,F-C,200.66,108.86
202,G,193.04,95.25
203,G,198.12,99.79
204,F,203.2,102.51
205,G,200.66,86.18
206,G,195.58,97.52
207,F,213.36,113.4
208,F-C,203.2,106.59
209,F,210.82,99.79
210,F-G,200.66,102.06
211,C-F,205.74,99.34
212,F,208.28,106.59
213,F,205.74,97.07
214,C,210.82,113.4
215,G,195.58,88.45
216,F,205.74,104.33
217,F-G,203.2,99.79
218,G,193.04,99.79
219,G,193.04,85.28
220,F,198.12,102.51
221,F,203.2,97.98
222,G,182.88,83.91
223,G,190.5,92.99
224,F,198.12,81.65
225,F,198.12,98.43
226,F-C,208.28,106.59
227,G-F,203.2,94.35
228,C-F,205.74,108.86
229,G-F,193.04,106.14
230,G,198.12,99.79
231,C,208.28,120.2
232,F,203.2,93.89
233,G,200.66,86.18
234,F,203.2,102.06
235,G,198.12,95.25
236,F-C,208.28,106.59
237,G-F,198.12,97.52
238,F,205.74,106.59
239,F-G,203.2,99.79
240,F,203.2,86.18
241,G,187.96,88.45
242,F,210.82,104.33
243,F,198.12,88.45
244,G,190.5,92.99
245,F,210.82,109.77
246,F-G,203.2,93.89
247,G-F,203.2,99.79
248,G,187.96,94.35
249,G,200.66,86.18
250,F-G,205.74,113.4
251,F,205.74,100.7
252,G-F,195.58,104.33
253,G,195.58,88.45
254,F,200.66,96.16
255,G,200.66,90.72
256,F,203.2,95.25
257,F,200.66,108.86
258,G,195.58,99.79
259,F,198.12,109.77
260,G,190.5,84.37
261,C-F,210.82,128.82
262,F-C,210.82,111.13
263,F,195.58,95.25
264,G,182.88,88.9
265,C,210.82,120.2
266,G,190.5,90.72
267,F,205.74,113.4
268,F-C,213.36,108.86
269,C,208.28,113.4
270,G,195.58,93.44
271,F,198.12,97.52
272,F,198.12,105.23
273,F,200.66,92.99
274,F,208.28,108.86
275,G,187.96,82.55
276,F,200.66,97.52
277,G,195.58,95.25
278,G,200.66,91.63
279,F,218.44,113.4
280,G-F,200.66,96.16
281,F,205.74,103.42
282,F,208.28,100.24
283,G,195.58,90.72
284,F,208.28,106.59
285,G-F,195.58,81.65
286,G,193.04,97.98
287,F,200.66,90.72
288,F,203.2,94.8
289,G-F,198.12,92.99
290,F,208.28,100.7
291,G,193.04,83.91
292,G,195.58,97.52
293,G,195.58,95.25
294,C,213.36,113.4
295,F,200.66,102.06
296,C-F,213.36,117.93
297,G,187.96,88.45
298,F,195.58,99.79
299,F-C,205.74,100.7
300,C,213.36,127.91
301,C,213.36,127.46
302,F,203.2,113.85
303,G,182.88,88.9
304,F,200.66,99.79
305,F,205.74,106.14
306,G,187.96,83.91
307,G,195.58,92.08
308,G,185.42,72.57
309,C,210.82,118.84
310,F-C,213.36,100.24
311,G-F,195.58,97.52
312,C,220.98,131.54
313,F-C,213.36,108.86
314,F,195.58,92.99
315,G-F,195.58,92.99
316,G,190.5,83.91
317,F,195.58,104.33
318,G,180.34,86.18
319,G,195.58,97.52
320,G,193.04,99.79
321,F,203.2,104.33
322,G,200.66,82.1
323,G,190.5,86.18
324,G,185.42,86.18
325,F,205.74,92.99
326,F,200.66,102.06
327,C,213.36,122.47
328,G,193.04,92.99
329,F,200.66,97.52
330,G,180.34,83.91
331,G,190.5,88.45
332,G,195.58,81.19
333,F,205.74,107.05
334,G,187.96,90.72
335,F,205.74,102.06
336,F-G,200.66,100.7
337,C,208.28,104.33
338,G-F,198.12,99.79
339,F,200.66,95.25
340,G,185.42,81.65
341,F,200.66,116.57
342,G,195.58,92.99
343,G,185.42,97.52
344,G,190.5,98.88
345,G,193.04,86.18
346,G,190.5,90.72
347,G,190.5,90.26
348,G-F,190.5,86.64
349,G,190.5,78.93
350,F,200.66,105.23
351,F,203.2,98.88
352,F,205.74,111.13
353,G,187.96,83.01
354,F,203.2,104.33
355,G,190.5,90.72
356,G-F,190.5,83.46
357,G,193.04,81.65
358,G,190.5,97.52
359,G-F,205.74,98.43
360,F-C,208.28,108.86
361,G-F,200.66,92.99
362,F,195.58,102.06
363,F-C,200.66,111.13
364,G,182.88,79.38
365,G,185.42,81.65
366,G,190.5,86.18
367,F,200.66,104.33
368,C,210.82,104.33
369,C-F,210.82,99.79
370,G,195.58,93.44
371,G,193.04,91.17
372,G,193.04,90.72
373,G,187.96,86.18
374,C,210.82,131.54
375,G,195.58,99.34
376,F,193.04,102.51
377,F-C,205.74,113.4
378,F,198.12,108.86
379,C-F,208.28,122.47
380,G,190.5,86.18
381,G,193.04,96.62
382,F,203.2,97.52
383,G,193.04,96.62
384,C-F,210.82,108.86
385,G,195.58,93.44
386,F,200.66,104.33
387,F,200.66,92.08
388,F,208.28,92.99
389,G,187.96,99.34
390,F,203.2,111.13
391,F,205.74,104.33
392,F,198.12,115.67
393,C,215.9,103.87
394,F,203.2,106.59
395,C,210.82,109.32
396,G,182.88,79.38
397,G,185.42,83.01
398,G,190.5,88.45
399,G,190.5,86.18
400,F-C,208.28,104.78
401,G,195.58,96.16
402,C-F,210.82,115.21
403,C,215.9,111.13
404,C,213.36,106.59
405,G,182.88,81.65
406,G,193.04,88.0
407,G,193.04,92.08
408,F,208.28,98.88
409,F,203.2,89.81
410,F,208.28,113.4
411,F-C,220.98,108.86
412,F-C,208.28,108.86
413,G,190.5,97.52
414,F,200.66,98.88
415,G,187.96,83.91
416,F-C,203.2,113.4
417,G,193.04,97.07
418,F,203.2,98.88
419,G,190.5,90.72
420,F,205.74,119.75
421,G,195.58,90.72
422,G,193.04,90.72
423,G-F,200.66,95.25
424,G-F,200.66,97.52
425,G-F,198.12,100.7
426,G,193.04,86.18
427,G,185.42,88.45
428,C,213.36,108.86
429,F,203.2,104.33
430,G,185.42,81.65
431,G,187.96,90.72
432,F-G,198.12,93.44
433,G,185.42,86.18
434,G,187.96,86.18
435,G,193.04,87.54
436,F-C,210.82,108.86
437,F,208.28,102.97
438,G-F,200.66,97.07
439,F-C,208.28,102.06
440,G,200.66,95.25
441,G-F,195.58,109.32
442,G,190.5,78.02
443,F,200.66,107.5
444,G-F,198.12,97.52
445,G,185.42,86.18
446,G,193.04,86.18
447,G,195.58,89.81
448,G,195.58,97.52
449,F,205.74,104.33
450,F,203.2,106.14
451,G-F,210.82,108.86
452,G,190.5,82.1
453,F,208.28,97.52
454,G,190.5,99.79
455,G,187.96,92.99
456,G,182.88,79.38
457,G-F,198.12,102.06
458,G,190.5,92.99
459,G-F,198.12,96.62
460,F,203.2,111.13
461,G,195.58,97.52
462,G,193.04,88.9
463,F,205.74,117.93
464,F,203.2,95.25
465,G,190.5,88.45
466,G,195.58,88.45
467,C,203.2,111.13
468,G,175.26,83.91
469,G,190.5,95.25
470,F,203.2,108.86
471,G,193.04,86.18
472,F-C,205.74,115.21
473,G,193.04,97.52
474,G,195.58,91.17
475,F-C,203.2,108.86
476,F,198.12,94.8
477,C-F,210.82,112.49
478,G,195.58,94.8
479,G,193.04,90.72
480,F,195.58,111.13
481,F,190.5,94.8
482,G,198.12,99.79
483,C-F,210.82,113.4
484,F,205.74,100.24
485,C,210.82,120.2
486,G,193.04,99.79
487,G,185.42,89.36
488,F,205.74,97.07
489,G,190.5,90.72
490,F,208.28,116.57
491,C,208.28,117.93
492,F,205.74,103.42
493,F-C,210.82,111.13
494,G,190.5,97.52
495,G,182.88,83.46
496,G,193.04,92.53
497,G,195.58,89.81
498,G,182.88,85.73
499,G,190.5,95.25
500,F,203.2,99.79
501,F,200.66,104.33
502,F,205.74,97.52
503,G,177.8,79.38
504,G,198.12,95.25
505,G,190.5,92.99
506,G,190.5,90.72
507,G,195.58,88.45
508,G,193.04,86.18
509,C,213.36,120.2
510,F-G,200.66,89.36
511,F,198.12,107.05
512,F,205.74,103.42
513,G-F,198.12,95.25
514,G,185.42,79.38
515,F,203.2,107.5
516,C-F,203.2,107.5
517,G,187.96,86.18
518,F-C,198.12,128.82
519,F,208.28,104.78
520,F,198.12,100.7
521,F,208.28,97.07
522,G,195.58,83.91
523,G,182.88,86.18
524,F,203.2,106.59
525,G,185.42,81.65
526,C-F,210.82,108.86
527,F-C,213.36,114.76
528,F-C,208.28,120.66
529,C,213.36,108.86
